Sampling date,Volume,ETHANE,ETHYLENE,PROPANE,PROPENE,I-BUTANE,N-BUTANE,ACETYLENE,TRANS-2-BUTENE,1-BUTENE,VINYLCHLORIDE,CIS-2-BUTENE,CYCLOPENTANE,I-PENTANE,N-PENTANE,1-3-BUTADIENE,TRANS-2-PENTENE,1-PENTENE,CIS-2-PENTENE,2-2-DIME-BUTANE,ME-CYCLOPENTANE,CYCLOHEXANE,2-ME-PENTANE,3-ME-PENTANE,N-HEXANE,ISOPRENE,2-ME-1-PENTENE,2-4-DIME-PENTANE,2-3-DIME-PENTANE,2-ME-HEXANE,BENZENE,Unnamed: 32,Volume,2-2-DIME-BUTANE,2-ME-PENTANE,3-ME-PENTANE,1-HEXENE,N-HEXANE,ME-CYCLOPENTANE,2-4-DIME-PENTANE,BENZENE,CYCLOHEXANE,2-3-DIMEC5+2MEC6,3-ME-HEXANE,224-TME-PENTANE,N-HEPTANE,ME-CYCLOHEXANE,234-TME-PENTANE,TOLUENE,2-ME-HEPTANE,3-ME-HEPTANE,N-OCTANE,ETHYLBENZENE,M&P-XYLENES,STYRENE,O-XYLENE,N-NONANE,I-PROPYLBENZENE,A-PINENE,N-PROPYLBENZENE,M-ETHYLTOLUENE,P-ETHYLTOLUENE,135-TMB,O-ETHYLTOLUENE,B-PINENE,124-TMB,1-3-DICL-BENZENE,N-DECANE,1-4-DICL-BENZENE,3-CARENE,123-TMB,LIMONENE,M-DIETHYLBENZENE,P-DIETHYLBENZENE,N-UNDECANE,NAPHTHALENE,N-DODECANE,N-TRIDECANE,2-ME-NAPHTHALENE,1-ME-NAPHTHALENE,N-TETRADECANE,ACENAPHTHENE,ACENAPHTHYLENE,N-PENTADECANE,FLUORENE,N-HEXADECANE,N-HEPTADECANE,PHENANTHRENE,N-OCTADECANE,ANTHRACENE,N-NONADECANE,N-EICOSANE,FLUORANTHENE,PYRENE,Unnamed: 63
2022-02-01 18:15:00,101.13,0.28,0.68,0.2,0.0,0.0,0.08,0.0,0.0,0.0,0.0,0.0,0.0,0.06,0.02,0.03,0.0,0.0,0.0,0.1,0.0,0.0,0.02,0.0,0.0,0.0,0.63,0.04,0.0,0.0,0.64,,,,,,,,,,,,,,,,,,,,,,,,,,,,,,,,,,,,,,,,,,,,,,,,,,,,,,,,,,,,,,,,
2022-02-01 18:30:00,101.13,0.28,0.68,0.2,0.0,0.0,0.08,0.0,0.0,0.0,0.0,0.0,0.0,0.06,0.02,0.03,0.0,0.0,0.0,0.1,0.0,0.0,0.02,0.0,0.0,0.0,0.63,0.04,0.0,0.0,0.64,,1155.7,0.0,0.0,0.0,0.0,0.0,0.0,0.0,0.0,0.0,0.0,0.0,0.0,0.0,0.0,0.0,0.0,0.0,0.0,0.0,0.0,0.0,0.0,0.0,0.0,0.0,0.0,0.0,0.0,0.0,0.0,0.0,0.0,0.0,0.0,0.0,0.0,0.0,0.0,0.0,0.0,0.0,0.0,0.0,0.0,0.0,0.0,0.0,0.0,0.0,0.0,0.0,0.0,0.0,0.0,0.0,0.0,0.0,0.0,0.0,0.0,0.0,
2022-02-01 18:45:00,101.62,0.0,0.7,0.08,0.0,0.0,0.1,0.09,0.09,0.04,0.0,0.0,0.0,0.04,0.0,0.05,0.0,0.0,0.0,0.0,0.0,0.07,0.0,0.0,0.0,0.0,0.66,0.0,0.06,0.0,0.03,,1155.7,0.0,0.0,0.0,0.0,0.0,0.0,0.0,0.0,0.0,0.0,0.0,0.0,0.0,0.0,0.0,0.0,0.0,0.0,0.0,0.0,0.0,0.0,0.0,0.0,0.0,0.0,0.0,0.0,0.0,0.0,0.0,0.0,0.0,0.0,0.0,0.0,0.0,0.0,0.0,0.0,0.0,0.0,0.0,0.0,0.0,0.0,0.0,0.0,0.0,0.0,0.0,0.0,0.0,0.0,0.0,0.0,0.0,0.0,0.0,0.0,0.0,
2022-02-01 19:00:00,101.62,0.0,0.7,0.08,0.0,0.0,0.1,0.09,0.09,0.04,0.0,0.0,0.0,0.04,0.0,0.05,0.0,0.0,0.0,0.0,0.0,0.07,0.0,0.0,0.0,0.0,0.66,0.0,0.06,0.0,0.03,,1155.7,0.0,0.0,0.0,0.0,0.0,0.0,0.0,0.0,0.0,0.0,0.0,0.0,0.0,0.0,0.0,0.0,0.0,0.0,0.0,0.0,0.0,0.0,0.0,0.0,0.0,0.0,0.0,0.0,0.0,0.0,0.0,0.0,0.0,0.0,0.0,0.0,0.0,0.0,0.0,0.0,0.0,0.0,0.0,0.0,0.0,0.0,0.0,0.0,0.0,0.0,0.0,0.0,0.0,0.0,0.0,0.0,0.0,0.0,0.0,0.0,0.0,
2022-02-01 19:15:00,,,,,,,,,,,,,,,,,,,,,,,,,,,,,,,,,1155.7,0.0,0.0,0.0,0.0,0.0,0.0,0.0,0.0,0.0,0.0,0.0,0.0,0.0,0.0,0.0,0.0,0.0,0.0,0.0,0.0,0.0,0.0,0.0,0.0,0.0,0.0,0.0,0.0,0.0,0.0,0.0,0.0,0.0,0.0,0.0,0.0,0.0,0.0,0.0,0.0,0.0,0.0,0.0,0.0,0.0,0.0,0.0,0.0,0.0,0.0,0.0,0.0,0.0,0.0,0.0,0.0,0.0,0.0,0.0,0.0,0.0,
2022-02-02 17:30:00,100.8,0.19,0.77,0.13,0.05,0.0,0.06,0.0,0.0,0.0,0.0,0.0,0.09,0.0,0.0,0.0,0.0,0.0,0.0,0.0,0.0,0.04,0.0,0.0,0.0,0.84,0.0,0.0,0.0,0.0,0.54,,,,,,,,,,,,,,,,,,,,,,,,,,,,,,,,,,,,,,,,,,,,,,,,,,,,,,,,,,,,,,,,
2022-02-02 17:45:00,100.8,0.19,0.77,0.13,0.05,0.0,0.06,0.0,0.0,0.0,0.0,0.0,0.09,0.0,0.0,0.0,0.0,0.0,0.0,0.0,0.0,0.04,0.0,0.0,0.0,0.84,0.0,0.0,0.0,0.0,0.54,,1150.1,0.01,0.0,0.0,0.0,0.0,0.0,0.0,0.0,0.0,0.0,0.0,0.0,0.0,0.0,0.0,0.0,0.0,0.0,0.0,0.0,0.0,0.04,0.01,0.0,0.0,0.0,0.0,0.0,0.04,0.04,0.0,0.0,0.0,0.0,0.0,0.0,0.0,0.0,0.0,0.0,0.0,0.0,0.0,0.0,0.0,0.0,0.0,0.0,0.0,0.0,0.0,0.0,0.0,0.0,0.0,0.0,0.0,0.0,0.0,0.0,0.0,
2022-02-02 18:00:00,100.91,0.15,0.78,0.11,0.11,0.0,0.04,0.0,0.0,0.0,0.0,0.0,0.09,0.0,0.0,0.0,0.0,0.0,0.0,0.0,0.0,0.04,0.0,0.0,0.0,0.0,0.67,0.0,0.0,0.0,0.54,,1150.1,0.01,0.0,0.0,0.0,0.0,0.0,0.0,0.0,0.0,0.0,0.0,0.0,0.0,0.0,0.0,0.0,0.0,0.0,0.0,0.0,0.0,0.04,0.01,0.0,0.0,0.0,0.0,0.0,0.04,0.04,0.0,0.0,0.0,0.0,0.0,0.0,0.0,0.0,0.0,0.0,0.0,0.0,0.0,0.0,0.0,0.0,0.0,0.0,0.0,0.0,0.0,0.0,0.0,0.0,0.0,0.0,0.0,0.0,0.0,0.0,0.0,
2022-02-02 18:15:00,100.91,0.15,0.78,0.11,0.11,0.0,0.04,0.0,0.0,0.0,0.0,0.0,0.09,0.0,0.0,0.0,0.0,0.0,0.0,0.0,0.0,0.04,0.0,0.0,0.0,0.0,0.67,0.0,0.0,0.0,0.54,,1150.1,0.01,0.0,0.0,0.0,0.0,0.0,0.0,0.0,0.0,0.0,0.0,0.0,0.0,0.0,0.0,0.0,0.0,0.0,0.0,0.0,0.0,0.04,0.01,0.0,0.0,0.0,0.0,0.0,0.04,0.04,0.0,0.0,0.0,0.0,0.0,0.0,0.0,0.0,0.0,0.0,0.0,0.0,0.0,0.0,0.0,0.0,0.0,0.0,0.0,0.0,0.0,0.0,0.0,0.0,0.0,0.0,0.0,0.0,0.0,0.0,0.0,
2022-02-02 18:30:00,,,,,,,,,,,,,,,,,,,,,,,,,,,,,,,,,1150.1,0.01,0.0,0.0,0.0,0.0,0.0,0.0,0.0,0.0,0.0,0.0,0.0,0.0,0.0,0.0,0.0,0.0,0.0,0.0,0.0,0.0,0.04,0.01,0.0,0.0,0.0,0.0,0.0,0.04,0.04,0.0,0.0,0.0,0.0,0.0,0.0,0.0,0.0,0.0,0.0,0.0,0.0,0.0,0.0,0.0,0.0,0.0,0.0,0.0,0.0,0.0,0.0,0.0,0.0,0.0,0.0,0.0,0.0,0.0,0.0,0.0,
2022-02-03 17:30:00,100.57,0.21,0.88,0.22,0.13,0.0,0.07,0.0,0.0,0.0,0.0,0.0,0.09,0.0,0.04,0.0,0.0,0.0,0.0,0.04,0.03,0.05,0.0,0.07,0.0,0.83,0.0,0.0,0.0,0.0,0.02,,,,,,,,,,,,,,,,,,,,,,,,,,,,,,,,,,,,,,,,,,,,,,,,,,,,,,,,,,,,,,,,
2022-02-03 17:45:00,100.57,0.21,0.88,0.22,0.13,0.0,0.07,0.0,0.0,0.0,0.0,0.0,0.09,0.0,0.04,0.0,0.0,0.0,0.0,0.04,0.03,0.05,0.0,0.07,0.0,0.83,0.0,0.0,0.0,0.0,0.02,,1151.6,0.01,0.01,0.0,0.0,0.0,0.0,0.0,0.0,0.0,0.0,0.0,0.0,0.0,0.0,0.0,0.0,0.0,0.0,0.0,0.0,0.0,0.07,0.0,0.0,0.0,0.0,0.0,0.0,0.04,0.03,0.0,0.01,0.0,0.01,0.0,0.0,0.01,0.0,0.0,0.0,0.0,0.0,0.0,0.0,0.0,0.0,0.0,0.0,0.0,0.0,0.0,0.0,0.0,0.0,0.0,0.0,0.0,0.0,0.0,0.0,0.0,
2022-02-03 18:00:00,100.99,0.15,0.79,0.27,0.11,0.0,0.05,0.0,0.0,0.0,0.0,0.05,0.11,0.0,0.02,0.0,0.0,0.0,0.0,0.0,0.0,0.03,0.0,0.0,0.0,0.0,0.66,0.0,0.0,0.0,0.49,,1151.6,0.01,0.01,0.0,0.0,0.0,0.0,0.0,0.0,0.0,0.0,0.0,0.0,0.0,0.0,0.0,0.0,0.0,0.0,0.0,0.0,0.0,0.07,0.0,0.0,0.0,0.0,0.0,0.0,0.04,0.03,0.0,0.01,0.0,0.01,0.0,0.0,0.01,0.0,0.0,0.0,0.0,0.0,0.0,0.0,0.0,0.0,0.0,0.0,0.0,0.0,0.0,0.0,0.0,0.0,0.0,0.0,0.0,0.0,0.0,0.0,0.0,
2022-02-03 18:15:00,100.99,0.15,0.79,0.27,0.11,0.0,0.05,0.0,0.0,0.0,0.0,0.05,0.11,0.0,0.02,0.0,0.0,0.0,0.0,0.0,0.0,0.03,0.0,0.0,0.0,0.0,0.66,0.0,0.0,0.0,0.49,,1151.6,0.01,0.01,0.0,0.0,0.0,0.0,0.0,0.0,0.0,0.0,0.0,0.0,0.0,0.0,0.0,0.0,0.0,0.0,0.0,0.0,0.0,0.07,0.0,0.0,0.0,0.0,0.0,0.0,0.04,0.03,0.0,0.01,0.0,0.01,0.0,0.0,0.01,0.0,0.0,0.0,0.0,0.0,0.0,0.0,0.0,0.0,0.0,0.0,0.0,0.0,0.0,0.0,0.0,0.0,0.0,0.0,0.0,0.0,0.0,0.0,0.0,
2022-02-03 18:30:00,,,,,,,,,,,,,,,,,,,,,,,,,,,,,,,,,1151.6,0.01,0.01,0.0,0.0,0.0,0.0,0.0,0.0,0.0,0.0,0.0,0.0,0.0,0.0,0.0,0.0,0.0,0.0,0.0,0.0,0.0,0.07,0.0,0.0,0.0,0.0,0.0,0.0,0.04,0.03,0.0,0.01,0.0,0.01,0.0,0.0,0.01,0.0,0.0,0.0,0.0,0.0,0.0,0.0,0.0,0.0,0.0,0.0,0.0,0.0,0.0,0.0,0.0,0.0,0.0,0.0,0.0,0.0,0.0,0.0,0.0,
2022-02-04 17:30:00,100.63,0.26,0.79,0.29,0.2,0.0,0.09,0.0,0.0,0.0,0.0,0.0,0.1,0.0,0.0,0.0,0.0,0.0,0.0,0.0,0.0,0.04,0.0,0.0,0.0,0.84,0.0,0.0,0.0,0.04,0.5,,,,,,,,,,,,,,,,,,,,,,,,,,,,,,,,,,,,,,,,,,,,,,,,,,,,,,,,,,,,,,,,
2022-02-04 17:45:00,100.63,0.26,0.79,0.29,0.2,0.0,0.09,0.0,0.0,0.0,0.0,0.0,0.1,0.0,0.0,0.0,0.0,0.0,0.0,0.0,0.0,0.04,0.0,0.0,0.0,0.84,0.0,0.0,0.0,0.04,0.5,,1148.5,0.0,0.0,0.0,0.0,0.0,0.0,0.0,0.0,0.0,0.0,0.0,0.0,0.0,0.0,0.0,0.0,0.0,0.0,0.0,0.0,0.0,0.03,0.01,0.0,0.0,0.0,0.0,0.0,0.05,0.04,0.0,0.01,0.0,0.0,0.0,0.0,0.0,0.0,0.0,0.0,0.0,0.0,0.0,0.0,0.0,0.0,0.0,0.0,0.0,0.0,0.0,0.0,0.0,0.0,0.0,0.0,0.0,0.0,0.0,0.0,0.0,
2022-02-04 18:00:00,100.74,0.17,0.76,0.09,0.13,0.0,0.05,0.0,0.0,0.0,0.0,0.0,0.11,0.0,0.02,0.0,0.0,0.0,0.0,0.0,0.0,0.04,0.0,0.0,0.0,0.83,0.0,0.0,0.0,0.0,0.44,,1148.5,0.0,0.0,0.0,0.0,0.0,0.0,0.0,0.0,0.0,0.0,0.0,0.0,0.0,0.0,0.0,0.0,0.0,0.0,0.0,0.0,0.0,0.03,0.01,0.0,0.0,0.0,0.0,0.0,0.05,0.04,0.0,0.01,0.0,0.0,0.0,0.0,0.0,0.0,0.0,0.0,0.0,0.0,0.0,0.0,0.0,0.0,0.0,0.0,0.0,0.0,0.0,0.0,0.0,0.0,0.0,0.0,0.0,0.0,0.0,0.0,0.0,
2022-02-04 18:15:00,100.74,0.17,0.76,0.09,0.13,0.0,0.05,0.0,0.0,0.0,0.0,0.0,0.11,0.0,0.02,0.0,0.0,0.0,0.0,0.0,0.0,0.04,0.0,0.0,0.0,0.83,0.0,0.0,0.0,0.0,0.44,,1148.5,0.0,0.0,0.0,0.0,0.0,0.0,0.0,0.0,0.0,0.0,0.0,0.0,0.0,0.0,0.0,0.0,0.0,0.0,0.0,0.0,0.0,0.03,0.01,0.0,0.0,0.0,0.0,0.0,0.05,0.04,0.0,0.01,0.0,0.0,0.0,0.0,0.0,0.0,0.0,0.0,0.0,0.0,0.0,0.0,0.0,0.0,0.0,0.0,0.0,0.0,0.0,0.0,0.0,0.0,0.0,0.0,0.0,0.0,0.0,0.0,0.0,
2022-02-04 18:30:00,,,,,,,,,,,,,,,,,,,,,,,,,,,,,,,,,1148.5,0.0,0.0,0.0,0.0,0.0,0.0,0.0,0.0,0.0,0.0,0.0,0.0,0.0,0.0,0.0,0.0,0.0,0.0,0.0,0.0,0.0,0.03,0.01,0.0,0.0,0.0,0.0,0.0,0.05,0.04,0.0,0.01,0.0,0.0,0.0,0.0,0.0,0.0,0.0,0.0,0.0,0.0,0.0,0.0,0.0,0.0,0.0,0.0,0.0,0.0,0.0,0.0,0.0,0.0,0.0,0.0,0.0,0.0,0.0,0.0,0.0,
2022-02-05 17:30:00,101.17,1.05,0.62,0.23,0.09,0.0,0.1,0.0,0.0,0.0,0.0,0.0,0.08,0.09,0.0,0.0,0.0,0.0,0.0,0.0,0.0,0.05,0.0,0.0,0.0,0.0,0.64,0.0,0.0,0.0,0.44,,,,,,,,,,,,,,,,,,,,,,,,,,,,,,,,,,,,,,,,,,,,,,,,,,,,,,,,,,,,,,,,
2022-02-05 17:45:00,101.17,1.05,0.62,0.23,0.09,0.0,0.1,0.0,0.0,0.0,0.0,0.0,0.08,0.09,0.0,0.0,0.0,0.0,0.0,0.0,0.0,0.05,0.0,0.0,0.0,0.0,0.64,0.0,0.0,0.0,0.44,,1155.8,0.01,0.0,0.0,0.0,0.0,0.0,0.0,0.0,0.0,0.0,0.0,0.0,0.0,0.0,0.0,0.0,0.0,0.0,0.0,0.0,0.0,0.01,0.01,0.0,0.0,0.0,0.0,0.0,0.04,0.03,0.0,0.0,0.0,0.01,0.0,0.0,0.0,0.0,0.0,0.0,0.0,0.0,0.0,0.0,0.0,0.0,0.0,0.0,0.0,0.0,0.0,0.0,0.0,0.0,0.0,0.0,0.0,0.0,0.0,0.0,0.0,
2022-02-05 18:00:00,101.34,0.51,0.62,0.12,0.05,0.0,0.0,0.0,0.0,0.0,0.0,0.0,0.09,0.08,0.02,0.0,0.0,0.0,0.0,0.0,0.0,0.03,0.0,0.0,0.0,0.0,0.63,0.04,0.0,0.04,0.45,,1155.8,0.01,0.0,0.0,0.0,0.0,0.0,0.0,0.0,0.0,0.0,0.0,0.0,0.0,0.0,0.0,0.0,0.0,0.0,0.0,0.0,0.0,0.01,0.01,0.0,0.0,0.0,0.0,0.0,0.04,0.03,0.0,0.0,0.0,0.01,0.0,0.0,0.0,0.0,0.0,0.0,0.0,0.0,0.0,0.0,0.0,0.0,0.0,0.0,0.0,0.0,0.0,0.0,0.0,0.0,0.0,0.0,0.0,0.0,0.0,0.0,0.0,
2022-02-05 18:15:00,101.34,0.51,0.62,0.12,0.05,0.0,0.0,0.0,0.0,0.0,0.0,0.0,0.09,0.08,0.02,0.0,0.0,0.0,0.0,0.0,0.0,0.03,0.0,0.0,0.0,0.0,0.63,0.04,0.0,0.04,0.45,,1155.8,0.01,0.0,0.0,0.0,0.0,0.0,0.0,0.0,0.0,0.0,0.0,0.0,0.0,0.0,0.0,0.0,0.0,0.0,0.0,0.0,0.0,0.01,0.01,0.0,0.0,0.0,0.0,0.0,0.04,0.03,0.0,0.0,0.0,0.01,0.0,0.0,0.0,0.0,0.0,0.0,0.0,0.0,0.0,0.0,0.0,0.0,0.0,0.0,0.0,0.0,0.0,0.0,0.0,0.0,0.0,0.0,0.0,0.0,0.0,0.0,0.0,
2022-02-05 18:30:00,,,,,,,,,,,,,,,,,,,,,,,,,,,,,,,,,1155.8,0.01,0.0,0.0,0.0,0.0,0.0,0.0,0.0,0.0,0.0,0.0,0.0,0.0,0.0,0.0,0.0,0.0,0.0,0.0,0.0,0.0,0.01,0.01,0.0,0.0,0.0,0.0,0.0,0.04,0.03,0.0,0.0,0.0,0.01,0.0,0.0,0.0,0.0,0.0,0.0,0.0,0.0,0.0,0.0,0.0,0.0,0.0,0.0,0.0,0.0,0.0,0.0,0.0,0.0,0.0,0.0,0.0,0.0,0.0,0.0,0.0,
2022-02-06 17:30:00,101.31,0.49,0.57,0.29,0.0,0.03,0.13,0.0,0.0,0.0,0.0,0.0,0.11,0.09,0.0,0.0,0.0,0.0,0.0,0.0,0.0,0.0,0.0,0.0,0.0,0.0,0.6,0.0,0.0,0.07,0.61,,,,,,,,,,,,,,,,,,,,,,,,,,,,,,,,,,,,,,,,,,,,,,,,,,,,,,,,,,,,,,,,
2022-02-06 17:45:00,101.31,0.49,0.57,0.29,0.0,0.03,0.13,0.0,0.0,0.0,0.0,0.0,0.11,0.09,0.0,0.0,0.0,0.0,0.0,0.0,0.0,0.0,0.0,0.0,0.0,0.0,0.6,0.0,0.0,0.07,0.61,,1157.3,0.0,0.0,0.0,0.0,0.0,0.0,0.0,0.0,0.0,0.0,0.0,0.0,0.0,0.0,0.0,0.0,0.0,0.0,0.0,0.0,0.0,0.04,0.01,0.0,0.0,0.0,0.0,0.0,0.03,0.03,0.0,0.01,0.0,0.0,0.0,0.0,0.0,0.0,0.0,0.0,0.0,0.0,0.0,0.0,0.0,0.0,0.0,0.0,0.0,0.0,0.0,0.0,0.0,0.0,0.0,0.0,0.0,0.0,0.0,0.0,0.0,
2022-02-06 18:00:00,101.47,0.27,0.64,0.2,0.0,0.0,0.0,0.0,0.0,0.0,0.0,0.0,0.0,0.09,0.0,0.0,0.0,0.0,0.07,0.0,0.0,0.03,0.0,0.0,0.0,0.0,0.6,0.0,0.0,0.03,0.61,,1157.3,0.0,0.0,0.0,0.0,0.0,0.0,0.0,0.0,0.0,0.0,0.0,0.0,0.0,0.0,0.0,0.0,0.0,0.0,0.0,0.0,0.0,0.04,0.01,0.0,0.0,0.0,0.0,0.0,0.03,0.03,0.0,0.01,0.0,0.0,0.0,0.0,0.0,0.0,0.0,0.0,0.0,0.0,0.0,0.0,0.0,0.0,0.0,0.0,0.0,0.0,0.0,0.0,0.0,0.0,0.0,0.0,0.0,0.0,0.0,0.0,0.0,
2022-02-06 18:15:00,101.47,0.27,0.64,0.2,0.0,0.0,0.0,0.0,0.0,0.0,0.0,0.0,0.0,0.09,0.0,0.0,0.0,0.0,0.07,0.0,0.0,0.03,0.0,0.0,0.0,0.0,0.6,0.0,0.0,0.03,0.61,,1157.3,0.0,0.0,0.0,0.0,0.0,0.0,0.0,0.0,0.0,0.0,0.0,0.0,0.0,0.0,0.0,0.0,0.0,0.0,0.0,0.0,0.0,0.04,0.01,0.0,0.0,0.0,0.0,0.0,0.03,0.03,0.0,0.01,0.0,0.0,0.0,0.0,0.0,0.0,0.0,0.0,0.0,0.0,0.0,0.0,0.0,0.0,0.0,0.0,0.0,0.0,0.0,0.0,0.0,0.0,0.0,0.0,0.0,0.0,0.0,0.0,0.0,
2022-02-06 18:30:00,,,,,,,,,,,,,,,,,,,,,,,,,,,,,,,,,1157.3,0.0,0.0,0.0,0.0,0.0,0.0,0.0,0.0,0.0,0.0,0.0,0.0,0.0,0.0,0.0,0.0,0.0,0.0,0.0,0.0,0.0,0.04,0.01,0.0,0.0,0.0,0.0,0.0,0.03,0.03,0.0,0.01,0.0,0.0,0.0,0.0,0.0,0.0,0.0,0.0,0.0,0.0,0.0,0.0,0.0,0.0,0.0,0.0,0.0,0.0,0.0,0.0,0.0,0.0,0.0,0.0,0.0,0.0,0.0,0.0,0.0,
2022-02-07 17:30:00,101.42,0.23,0.47,0.3,0.06,0.0,0.05,0.0,0.0,0.0,0.0,0.0,0.09,0.07,0.0,0.0,0.0,0.0,0.0,0.0,0.0,0.05,0.0,0.03,0.0,0.1,0.66,0.0,0.0,0.0,0.43,,,,,,,,,,,,,,,,,,,,,,,,,,,,,,,,,,,,,,,,,,,,,,,,,,,,,,,,,,,,,,,,
2022-02-07 17:45:00,101.42,0.23,0.47,0.3,0.06,0.0,0.05,0.0,0.0,0.0,0.0,0.0,0.09,0.07,0.0,0.0,0.0,0.0,0.0,0.0,0.0,0.05,0.0,0.03,0.0,0.1,0.66,0.0,0.0,0.0,0.43,,1158.9,0.0,0.0,0.0,0.0,0.0,0.0,0.0,0.0,0.0,0.0,0.0,0.0,0.0,0.0,0.0,0.0,0.0,0.0,0.0,0.0,0.0,0.06,0.01,0.0,0.0,0.0,0.0,0.0,0.03,0.03,0.0,0.01,0.0,0.0,0.0,0.0,0.0,0.0,0.0,0.0,0.0,0.0,0.0,0.0,0.0,0.0,0.0,0.0,0.0,0.0,0.0,0.0,0.0,0.0,0.0,0.0,0.0,0.0,0.0,0.0,0.0,
2022-02-07 18:00:00,101.58,0.11,0.53,0.15,0.0,0.0,0.0,0.0,0.0,0.0,0.0,0.0,0.0,0.07,0.0,0.0,0.0,0.0,0.0,0.0,0.0,0.03,0.0,0.09,0.0,0.0,0.67,0.0,0.0,0.0,0.43,,1158.9,0.0,0.0,0.0,0.0,0.0,0.0,0.0,0.0,0.0,0.0,0.0,0.0,0.0,0.0,0.0,0.0,0.0,0.0,0.0,0.0,0.0,0.06,0.01,0.0,0.0,0.0,0.0,0.0,0.03,0.03,0.0,0.01,0.0,0.0,0.0,0.0,0.0,0.0,0.0,0.0,0.0,0.0,0.0,0.0,0.0,0.0,0.0,0.0,0.0,0.0,0.0,0.0,0.0,0.0,0.0,0.0,0.0,0.0,0.0,0.0,0.0,
2022-02-07 18:15:00,101.58,0.11,0.53,0.15,0.0,0.0,0.0,0.0,0.0,0.0,0.0,0.0,0.0,0.07,0.0,0.0,0.0,0.0,0.0,0.0,0.0,0.03,0.0,0.09,0.0,0.0,0.67,0.0,0.0,0.0,0.43,,1158.9,0.0,0.0,0.0,0.0,0.0,0.0,0.0,0.0,0.0,0.0,0.0,0.0,0.0,0.0,0.0,0.0,0.0,0.0,0.0,0.0,0.0,0.06,0.01,0.0,0.0,0.0,0.0,0.0,0.03,0.03,0.0,0.01,0.0,0.0,0.0,0.0,0.0,0.0,0.0,0.0,0.0,0.0,0.0,0.0,0.0,0.0,0.0,0.0,0.0,0.0,0.0,0.0,0.0,0.0,0.0,0.0,0.0,0.0,0.0,0.0,0.0,
2022-02-07 18:30:00,,,,,,,,,,,,,,,,,,,,,,,,,,,,,,,,,1158.9,0.0,0.0,0.0,0.0,0.0,0.0,0.0,0.0,0.0,0.0,0.0,0.0,0.0,0.0,0.0,0.0,0.0,0.0,0.0,0.0,0.0,0.06,0.01,0.0,0.0,0.0,0.0,0.0,0.03,0.03,0.0,0.01,0.0,0.0,0.0,0.0,0.0,0.0,0.0,0.0,0.0,0.0,0.0,0.0,0.0,0.0,0.0,0.0,0.0,0.0,0.0,0.0,0.0,0.0,0.0,0.0,0.0,0.0,0.0,0.0,0.0,
2022-02-08 17:30:00,102.39,1.09,0.75,0.13,0.19,0.03,0.11,0.0,0.14,0.0,0.0,0.0,0.11,0.09,0.0,0.0,0.0,0.0,0.0,0.0,0.0,0.04,0.0,0.0,0.0,0.0,0.63,0.07,0.0,0.0,0.56,,,,,,,,,,,,,,,,,,,,,,,,,,,,,,,,,,,,,,,,,,,,,,,,,,,,,,,,,,,,,,,,
2022-02-08 17:45:00,102.39,1.09,0.75,0.13,0.19,0.03,0.11,0.0,0.14,0.0,0.0,0.0,0.11,0.09,0.0,0.0,0.0,0.0,0.0,0.0,0.0,0.04,0.0,0.0,0.0,0.0,0.63,0.07,0.0,0.0,0.56,,1170.1,0.0,0.0,0.0,0.0,0.0,0.0,0.0,0.0,0.0,0.0,0.0,0.0,0.0,0.0,0.0,0.0,0.0,0.0,0.0,0.0,0.0,0.06,0.01,0.0,0.0,0.0,0.0,0.0,0.05,0.04,0.0,0.01,0.0,0.0,0.0,0.0,0.0,0.0,0.0,0.0,0.0,0.0,0.0,0.0,0.0,0.0,0.0,0.0,0.0,0.0,0.0,0.0,0.0,0.0,0.0,0.0,0.0,0.0,0.0,0.0,0.0,
2022-02-08 18:00:00,102.5,0.26,0.68,0.0,0.16,0.0,0.04,0.0,0.0,0.0,0.0,0.0,0.08,0.08,0.0,0.03,0.0,0.0,0.0,0.0,0.0,0.05,0.0,0.0,0.0,0.81,0.0,0.23,0.0,0.0,0.52,,1170.1,0.0,0.0,0.0,0.0,0.0,0.0,0.0,0.0,0.0,0.0,0.0,0.0,0.0,0.0,0.0,0.0,0.0,0.0,0.0,0.0,0.0,0.06,0.01,0.0,0.0,0.0,0.0,0.0,0.05,0.04,0.0,0.01,0.0,0.0,0.0,0.0,0.0,0.0,0.0,0.0,0.0,0.0,0.0,0.0,0.0,0.0,0.0,0.0,0.0,0.0,0.0,0.0,0.0,0.0,0.0,0.0,0.0,0.0,0.0,0.0,0.0,
2022-02-08 18:15:00,102.5,0.26,0.68,0.0,0.16,0.0,0.04,0.0,0.0,0.0,0.0,0.0,0.08,0.08,0.0,0.03,0.0,0.0,0.0,0.0,0.0,0.05,0.0,0.0,0.0,0.81,0.0,0.23,0.0,0.0,0.52,,1170.1,0.0,0.0,0.0,0.0,0.0,0.0,0.0,0.0,0.0,0.0,0.0,0.0,0.0,0.0,0.0,0.0,0.0,0.0,0.0,0.0,0.0,0.06,0.01,0.0,0.0,0.0,0.0,0.0,0.05,0.04,0.0,0.01,0.0,0.0,0.0,0.0,0.0,0.0,0.0,0.0,0.0,0.0,0.0,0.0,0.0,0.0,0.0,0.0,0.0,0.0,0.0,0.0,0.0,0.0,0.0,0.0,0.0,0.0,0.0,0.0,0.0,
2022-02-08 18:30:00,,,,,,,,,,,,,,,,,,,,,,,,,,,,,,,,,1170.1,0.0,0.0,0.0,0.0,0.0,0.0,0.0,0.0,0.0,0.0,0.0,0.0,0.0,0.0,0.0,0.0,0.0,0.0,0.0,0.0,0.0,0.06,0.01,0.0,0.0,0.0,0.0,0.0,0.05,0.04,0.0,0.01,0.0,0.0,0.0,0.0,0.0,0.0,0.0,0.0,0.0,0.0,0.0,0.0,0.0,0.0,0.0,0.0,0.0,0.0,0.0,0.0,0.0,0.0,0.0,0.0,0.0,0.0,0.0,0.0,0.0,
2022-02-09 17:30:00,102.45,0.84,0.73,0.08,0.17,0.0,0.08,0.06,0.0,0.07,0.0,0.04,0.12,0.0,0.03,0.09,0.03,0.0,0.0,0.0,0.0,0.03,0.0,0.0,0.0,0.85,0.0,0.0,0.0,0.0,0.47,,,,,,,,,,,,,,,,,,,,,,,,,,,,,,,,,,,,,,,,,,,,,,,,,,,,,,,,,,,,,,,,
2022-02-09 17:45:00,102.45,0.84,0.73,0.08,0.17,0.0,0.08,0.06,0.0,0.07,0.0,0.04,0.12,0.0,0.03,0.09,0.03,0.0,0.0,0.0,0.0,0.03,0.0,0.0,0.0,0.85,0.0,0.0,0.0,0.0,0.47,,1168.8,0.0,0.0,0.0,0.0,0.0,0.0,0.0,0.0,0.0,0.0,0.0,0.0,0.0,0.01,0.0,0.0,0.0,0.0,0.0,0.0,0.0,0.06,0.01,0.0,0.0,0.0,0.0,0.0,0.06,0.04,0.0,0.01,0.0,0.0,0.0,0.0,0.0,0.0,0.01,0.0,0.0,0.0,0.0,0.0,0.01,0.0,0.0,0.0,0.0,0.0,0.0,0.0,0.0,0.0,0.0,0.0,0.0,0.0,0.0,0.0,0.0,
2022-02-09 18:00:00,102.53,0.16,0.73,0.46,0.22,0.0,0.04,0.0,0.0,0.0,0.0,0.0,0.09,0.0,0.02,0.0,0.0,0.0,0.0,0.0,0.0,0.03,0.02,0.0,0.0,0.85,0.0,0.03,0.0,0.0,0.43,,1168.8,0.0,0.0,0.0,0.0,0.0,0.0,0.0,0.0,0.0,0.0,0.0,0.0,0.0,0.01,0.0,0.0,0.0,0.0,0.0,0.0,0.0,0.06,0.01,0.0,0.0,0.0,0.0,0.0,0.06,0.04,0.0,0.01,0.0,0.0,0.0,0.0,0.0,0.0,0.01,0.0,0.0,0.0,0.0,0.0,0.01,0.0,0.0,0.0,0.0,0.0,0.0,0.0,0.0,0.0,0.0,0.0,0.0,0.0,0.0,0.0,0.0,
2022-02-09 18:15:00,102.53,0.16,0.73,0.46,0.22,0.0,0.04,0.0,0.0,0.0,0.0,0.0,0.09,0.0,0.02,0.0,0.0,0.0,0.0,0.0,0.0,0.03,0.02,0.0,0.0,0.85,0.0,0.03,0.0,0.0,0.43,,1168.8,0.0,0.0,0.0,0.0,0.0,0.0,0.0,0.0,0.0,0.0,0.0,0.0,0.0,0.01,0.0,0.0,0.0,0.0,0.0,0.0,0.0,0.06,0.01,0.0,0.0,0.0,0.0,0.0,0.06,0.04,0.0,0.01,0.0,0.0,0.0,0.0,0.0,0.0,0.01,0.0,0.0,0.0,0.0,0.0,0.01,0.0,0.0,0.0,0.0,0.0,0.0,0.0,0.0,0.0,0.0,0.0,0.0,0.0,0.0,0.0,0.0,
2022-02-09 18:30:00,,,,,,,,,,,,,,,,,,,,,,,,,,,,,,,,,1168.8,0.0,0.0,0.0,0.0,0.0,0.0,0.0,0.0,0.0,0.0,0.0,0.0,0.0,0.01,0.0,0.0,0.0,0.0,0.0,0.0,0.0,0.06,0.01,0.0,0.0,0.0,0.0,0.0,0.06,0.04,0.0,0.01,0.0,0.0,0.0,0.0,0.0,0.0,0.01,0.0,0.0,0.0,0.0,0.0,0.01,0.0,0.0,0.0,0.0,0.0,0.0,0.0,0.0,0.0,0.0,0.0,0.0,0.0,0.0,0.0,0.0,
2022-02-10 17:30:00,101.71,0.27,1.0,0.08,0.08,0.06,0.13,0.0,0.0,0.0,0.0,0.71,0.09,0.0,0.09,0.0,0.0,0.0,0.0,0.0,0.0,0.0,0.0,0.02,0.0,0.84,0.0,0.0,0.0,0.0,0.43,,,,,,,,,,,,,,,,,,,,,,,,,,,,,,,,,,,,,,,,,,,,,,,,,,,,,,,,,,,,,,,,
2022-02-10 17:45:00,101.71,0.27,1.0,0.08,0.08,0.06,0.13,0.0,0.0,0.0,0.0,0.71,0.09,0.0,0.09,0.0,0.0,0.0,0.0,0.0,0.0,0.0,0.0,0.02,0.0,0.84,0.0,0.0,0.0,0.0,0.43,,1161.2,0.0,0.01,0.0,0.0,0.0,0.0,0.0,0.0,0.0,0.0,0.0,0.0,0.0,0.01,0.0,0.0,0.0,0.0,0.0,0.0,0.0,0.08,0.02,0.0,0.0,0.0,0.0,0.0,0.05,0.04,0.0,0.01,0.0,0.02,0.0,0.0,0.01,0.0,0.01,0.0,0.0,0.0,0.0,0.0,0.0,0.0,0.0,0.0,0.0,0.0,0.0,0.0,0.0,0.0,0.0,0.0,0.0,0.0,0.0,0.0,0.0,
2022-02-10 18:00:00,101.8,0.72,0.9,0.27,0.43,0.05,0.03,0.0,0.05,0.04,0.0,0.19,0.1,0.0,0.03,0.0,0.0,0.0,0.0,0.0,0.0,0.0,0.0,0.03,0.02,0.85,0.0,0.0,0.03,0.03,0.41,,1161.2,0.0,0.01,0.0,0.0,0.0,0.0,0.0,0.0,0.0,0.0,0.0,0.0,0.0,0.01,0.0,0.0,0.0,0.0,0.0,0.0,0.0,0.08,0.02,0.0,0.0,0.0,0.0,0.0,0.05,0.04,0.0,0.01,0.0,0.02,0.0,0.0,0.01,0.0,0.01,0.0,0.0,0.0,0.0,0.0,0.0,0.0,0.0,0.0,0.0,0.0,0.0,0.0,0.0,0.0,0.0,0.0,0.0,0.0,0.0,0.0,0.0,
2022-02-10 18:15:00,101.8,0.72,0.9,0.27,0.43,0.05,0.03,0.0,0.05,0.04,0.0,0.19,0.1,0.0,0.03,0.0,0.0,0.0,0.0,0.0,0.0,0.0,0.0,0.03,0.02,0.85,0.0,0.0,0.03,0.03,0.41,,1161.2,0.0,0.01,0.0,0.0,0.0,0.0,0.0,0.0,0.0,0.0,0.0,0.0,0.0,0.01,0.0,0.0,0.0,0.0,0.0,0.0,0.0,0.08,0.02,0.0,0.0,0.0,0.0,0.0,0.05,0.04,0.0,0.01,0.0,0.02,0.0,0.0,0.01,0.0,0.01,0.0,0.0,0.0,0.0,0.0,0.0,0.0,0.0,0.0,0.0,0.0,0.0,0.0,0.0,0.0,0.0,0.0,0.0,0.0,0.0,0.0,0.0,
2022-02-10 18:30:00,,,,,,,,,,,,,,,,,,,,,,,,,,,,,,,,,1161.2,0.0,0.01,0.0,0.0,0.0,0.0,0.0,0.0,0.0,0.0,0.0,0.0,0.0,0.01,0.0,0.0,0.0,0.0,0.0,0.0,0.0,0.08,0.02,0.0,0.0,0.0,0.0,0.0,0.05,0.04,0.0,0.01,0.0,0.02,0.0,0.0,0.01,0.0,0.01,0.0,0.0,0.0,0.0,0.0,0.0,0.0,0.0,0.0,0.0,0.0,0.0,0.0,0.0,0.0,0.0,0.0,0.0,0.0,0.0,0.0,0.0,
2022-02-11 20:45:00,101.59,1.08,1.2,0.04,0.24,0.04,0.03,0.0,0.0,0.0,0.0,0.0,0.13,0.03,0.0,0.0,0.0,0.0,0.0,0.0,0.38,0.0,0.0,0.0,0.0,0.49,0.0,0.0,0.0,0.0,0.0,,1159.7,0.0,0.0,0.0,0.0,0.0,0.0,0.0,0.0,0.02,0.0,0.0,0.0,0.0,0.0,0.0,0.0,0.0,0.0,0.0,0.0,0.0,0.02,0.01,0.0,0.0,0.0,0.0,0.0,0.05,0.04,0.0,0.01,0.0,0.0,0.0,0.0,0.01,0.0,0.0,0.0,0.0,0.0,0.01,0.0,0.0,0.0,0.0,0.0,0.0,0.0,0.0,0.0,0.0,0.0,0.0,0.0,0.0,0.0,0.0,0.0,0.0,
2022-02-11 21:00:00,101.59,1.08,1.2,0.04,0.24,0.04,0.03,0.0,0.0,0.0,0.0,0.0,0.13,0.03,0.0,0.0,0.0,0.0,0.0,0.0,0.38,0.0,0.0,0.0,0.0,0.49,0.0,0.0,0.0,0.0,0.0,,1159.7,0.0,0.0,0.0,0.0,0.0,0.0,0.0,0.0,0.02,0.0,0.0,0.0,0.0,0.0,0.0,0.0,0.0,0.0,0.0,0.0,0.0,0.02,0.01,0.0,0.0,0.0,0.0,0.0,0.05,0.04,0.0,0.01,0.0,0.0,0.0,0.0,0.01,0.0,0.0,0.0,0.0,0.0,0.01,0.0,0.0,0.0,0.0,0.0,0.0,0.0,0.0,0.0,0.0,0.0,0.0,0.0,0.0,0.0,0.0,0.0,0.0,
2022-02-11 21:15:00,101.72,0.64,1.13,0.23,0.22,0.0,0.0,0.0,0.0,0.0,0.0,0.0,0.1,0.0,0.0,0.06,0.0,0.0,0.0,0.0,0.24,0.0,0.0,0.0,0.02,0.58,0.0,0.0,0.04,0.0,0.03,,1159.7,0.0,0.0,0.0,0.0,0.0,0.0,0.0,0.0,0.02,0.0,0.0,0.0,0.0,0.0,0.0,0.0,0.0,0.0,0.0,0.0,0.0,0.02,0.01,0.0,0.0,0.0,0.0,0.0,0.05,0.04,0.0,0.01,0.0,0.0,0.0,0.0,0.01,0.0,0.0,0.0,0.0,0.0,0.01,0.0,0.0,0.0,0.0,0.0,0.0,0.0,0.0,0.0,0.0,0.0,0.0,0.0,0.0,0.0,0.0,0.0,0.0,
2022-02-11 21:30:00,101.72,0.64,1.13,0.23,0.22,0.0,0.0,0.0,0.0,0.0,0.0,0.0,0.1,0.0,0.0,0.06,0.0,0.0,0.0,0.0,0.24,0.0,0.0,0.0,0.02,0.58,0.0,0.0,0.04,0.0,0.03,,1159.7,0.0,0.0,0.0,0.0,0.0,0.0,0.0,0.0,0.02,0.0,0.0,0.0,0.0,0.0,0.0,0.0,0.0,0.0,0.0,0.0,0.0,0.02,0.01,0.0,0.0,0.0,0.0,0.0,0.05,0.04,0.0,0.01,0.0,0.0,0.0,0.0,0.01,0.0,0.0,0.0,0.0,0.0,0.01,0.0,0.0,0.0,0.0,0.0,0.0,0.0,0.0,0.0,0.0,0.0,0.0,0.0,0.0,0.0,0.0,0.0,0.0,
2022-02-12 20:45:00,101.91,0.23,2.26,0.22,0.3,0.11,0.16,0.0,0.0,0.04,0.0,0.0,0.14,0.1,0.07,0.0,0.0,0.0,0.05,0.0,0.05,0.02,0.0,0.0,0.0,0.78,0.0,0.02,0.0,0.0,0.0,,1163.6,0.0,0.01,0.0,0.0,0.0,0.0,0.0,0.0,0.0,0.0,0.0,0.0,0.0,0.0,0.0,0.0,0.0,0.0,0.0,0.0,0.0,0.02,0.01,0.0,0.0,0.0,0.0,0.05,0.0,0.03,0.0,0.01,0.0,0.01,0.0,0.0,0.0,0.0,0.0,0.0,0.0,0.0,0.0,0.0,0.0,0.0,0.0,0.0,0.0,0.0,0.0,0.01,0.0,0.0,0.0,0.0,0.0,0.0,0.0,0.0,0.0,
2022-02-12 21:00:00,101.91,0.23,2.26,0.22,0.3,0.11,0.16,0.0,0.0,0.04,0.0,0.0,0.14,0.1,0.07,0.0,0.0,0.0,0.05,0.0,0.05,0.02,0.0,0.0,0.0,0.78,0.0,0.02,0.0,0.0,0.0,,1163.6,0.0,0.01,0.0,0.0,0.0,0.0,0.0,0.0,0.0,0.0,0.0,0.0,0.0,0.0,0.0,0.0,0.0,0.0,0.0,0.0,0.0,0.02,0.01,0.0,0.0,0.0,0.0,0.05,0.0,0.03,0.0,0.01,0.0,0.01,0.0,0.0,0.0,0.0,0.0,0.0,0.0,0.0,0.0,0.0,0.0,0.0,0.0,0.0,0.0,0.0,0.0,0.01,0.0,0.0,0.0,0.0,0.0,0.0,0.0,0.0,0.0,
2022-02-12 21:15:00,102.02,0.28,2.43,0.08,0.3,0.06,0.19,0.0,0.13,0.0,0.0,0.27,0.08,0.06,0.0,0.0,0.2,0.31,0.0,0.0,0.05,0.11,0.0,0.0,0.0,0.8,0.0,0.02,0.0,0.0,0.17,,1163.6,0.0,0.01,0.0,0.0,0.0,0.0,0.0,0.0,0.0,0.0,0.0,0.0,0.0,0.0,0.0,0.0,0.0,0.0,0.0,0.0,0.0,0.02,0.01,0.0,0.0,0.0,0.0,0.05,0.0,0.03,0.0,0.01,0.0,0.01,0.0,0.0,0.0,0.0,0.0,0.0,0.0,0.0,0.0,0.0,0.0,0.0,0.0,0.0,0.0,0.0,0.0,0.01,0.0,0.0,0.0,0.0,0.0,0.0,0.0,0.0,0.0,
2022-02-12 21:30:00,102.02,0.28,2.43,0.08,0.3,0.06,0.19,0.0,0.13,0.0,0.0,0.27,0.08,0.06,0.0,0.0,0.2,0.31,0.0,0.0,0.05,0.11,0.0,0.0,0.0,0.8,0.0,0.02,0.0,0.0,0.17,,1163.6,0.0,0.01,0.0,0.0,0.0,0.0,0.0,0.0,0.0,0.0,0.0,0.0,0.0,0.0,0.0,0.0,0.0,0.0,0.0,0.0,0.0,0.02,0.01,0.0,0.0,0.0,0.0,0.05,0.0,0.03,0.0,0.01,0.0,0.01,0.0,0.0,0.0,0.0,0.0,0.0,0.0,0.0,0.0,0.0,0.0,0.0,0.0,0.0,0.0,0.0,0.0,0.01,0.0,0.0,0.0,0.0,0.0,0.0,0.0,0.0,0.0,
2022-02-13 20:45:00,100.83,0.08,2.68,0.11,0.32,0.0,0.06,0.0,0.0,0.0,0.0,0.0,0.12,0.03,0.02,0.0,0.0,0.0,0.0,0.0,0.0,0.0,0.0,0.0,0.0,0.79,0.0,0.0,0.0,0.0,0.0,,1149.5,0.0,0.01,0.0,0.0,0.0,0.01,0.0,0.0,0.0,0.0,0.0,0.0,0.0,0.01,0.0,0.0,0.0,0.0,0.0,0.0,0.0,0.04,0.01,0.0,0.0,0.0,0.0,0.06,0.0,0.04,0.0,0.01,0.0,0.0,0.0,0.0,0.0,0.0,0.0,0.0,0.0,0.0,0.0,0.0,0.0,0.0,0.0,0.0,0.0,0.0,0.0,0.0,0.0,0.0,0.0,0.0,0.0,0.0,0.0,0.0,0.0,
2022-02-13 21:00:00,100.83,0.08,2.68,0.11,0.32,0.0,0.06,0.0,0.0,0.0,0.0,0.0,0.12,0.03,0.02,0.0,0.0,0.0,0.0,0.0,0.0,0.0,0.0,0.0,0.0,0.79,0.0,0.0,0.0,0.0,0.0,,1149.5,0.0,0.01,0.0,0.0,0.0,0.01,0.0,0.0,0.0,0.0,0.0,0.0,0.0,0.01,0.0,0.0,0.0,0.0,0.0,0.0,0.0,0.04,0.01,0.0,0.0,0.0,0.0,0.06,0.0,0.04,0.0,0.01,0.0,0.0,0.0,0.0,0.0,0.0,0.0,0.0,0.0,0.0,0.0,0.0,0.0,0.0,0.0,0.0,0.0,0.0,0.0,0.0,0.0,0.0,0.0,0.0,0.0,0.0,0.0,0.0,0.0,
2022-02-13 21:15:00,100.89,1.39,2.69,0.06,0.3,0.0,0.0,0.08,0.0,0.05,0.0,0.0,0.09,0.03,0.0,0.0,0.0,0.0,0.0,0.0,0.0,0.0,0.0,0.0,0.0,0.8,0.0,0.0,0.05,0.0,0.07,,1149.5,0.0,0.01,0.0,0.0,0.0,0.01,0.0,0.0,0.0,0.0,0.0,0.0,0.0,0.01,0.0,0.0,0.0,0.0,0.0,0.0,0.0,0.04,0.01,0.0,0.0,0.0,0.0,0.06,0.0,0.04,0.0,0.01,0.0,0.0,0.0,0.0,0.0,0.0,0.0,0.0,0.0,0.0,0.0,0.0,0.0,0.0,0.0,0.0,0.0,0.0,0.0,0.0,0.0,0.0,0.0,0.0,0.0,0.0,0.0,0.0,0.0,
2022-02-13 21:30:00,100.89,1.39,2.69,0.06,0.3,0.0,0.0,0.08,0.0,0.05,0.0,0.0,0.09,0.03,0.0,0.0,0.0,0.0,0.0,0.0,0.0,0.0,0.0,0.0,0.0,0.8,0.0,0.0,0.05,0.0,0.07,,1149.5,0.0,0.01,0.0,0.0,0.0,0.01,0.0,0.0,0.0,0.0,0.0,0.0,0.0,0.01,0.0,0.0,0.0,0.0,0.0,0.0,0.0,0.04,0.01,0.0,0.0,0.0,0.0,0.06,0.0,0.04,0.0,0.01,0.0,0.0,0.0,0.0,0.0,0.0,0.0,0.0,0.0,0.0,0.0,0.0,0.0,0.0,0.0,0.0,0.0,0.0,0.0,0.0,0.0,0.0,0.0,0.0,0.0,0.0,0.0,0.0,0.0,
2022-02-14 19:45:00,99.999,0.67,2.86,0.21,0.21,0.0,0.14,0.0,0.0,0.0,0.0,0.0,0.1,0.03,0.02,0.0,0.0,0.0,0.0,0.0,0.03,0.0,0.0,0.0,0.0,0.0,0.0,0.0,0.0,0.28,0.66,,1139.6,0.0,0.01,0.0,0.0,0.0,0.0,0.0,0.01,0.0,0.0,0.0,0.0,0.0,0.0,0.0,0.0,0.0,0.0,0.0,0.0,0.01,0.04,0.01,0.0,0.0,0.0,0.0,0.06,0.0,0.04,0.0,0.01,0.0,0.0,0.0,0.0,0.0,0.0,0.0,0.0,0.0,0.0,0.0,0.0,0.0,0.0,0.0,0.0,0.0,0.0,0.0,0.01,0.0,0.0,0.0,0.0,0.0,0.0,0.0,0.0,0.0,
2022-02-14 20:00:00,99.999,0.67,2.86,0.21,0.21,0.0,0.14,0.0,0.0,0.0,0.0,0.0,0.1,0.03,0.02,0.0,0.0,0.0,0.0,0.0,0.03,0.0,0.0,0.0,0.0,0.0,0.0,0.0,0.0,0.28,0.66,,1139.6,0.0,0.01,0.0,0.0,0.0,0.0,0.0,0.01,0.0,0.0,0.0,0.0,0.0,0.0,0.0,0.0,0.0,0.0,0.0,0.0,0.01,0.04,0.01,0.0,0.0,0.0,0.0,0.06,0.0,0.04,0.0,0.01,0.0,0.0,0.0,0.0,0.0,0.0,0.0,0.0,0.0,0.0,0.0,0.0,0.0,0.0,0.0,0.0,0.0,0.0,0.0,0.01,0.0,0.0,0.0,0.0,0.0,0.0,0.0,0.0,0.0,
2022-02-14 20:15:00,100.11,0.3,2.75,0.09,0.23,0.0,0.03,0.0,0.0,0.0,0.0,0.0,0.08,0.02,0.0,0.0,0.0,0.0,0.0,0.0,0.03,0.0,0.0,0.0,0.0,0.0,0.0,0.0,0.0,0.0,0.62,,1139.6,0.0,0.01,0.0,0.0,0.0,0.0,0.0,0.01,0.0,0.0,0.0,0.0,0.0,0.0,0.0,0.0,0.0,0.0,0.0,0.0,0.01,0.04,0.01,0.0,0.0,0.0,0.0,0.06,0.0,0.04,0.0,0.01,0.0,0.0,0.0,0.0,0.0,0.0,0.0,0.0,0.0,0.0,0.0,0.0,0.0,0.0,0.0,0.0,0.0,0.0,0.0,0.01,0.0,0.0,0.0,0.0,0.0,0.0,0.0,0.0,0.0,
2022-02-14 20:30:00,100.11,0.3,2.75,0.09,0.23,0.0,0.03,0.0,0.0,0.0,0.0,0.0,0.08,0.02,0.0,0.0,0.0,0.0,0.0,0.0,0.03,0.0,0.0,0.0,0.0,0.0,0.0,0.0,0.0,0.0,0.62,,1139.6,0.0,0.01,0.0,0.0,0.0,0.0,0.0,0.01,0.0,0.0,0.0,0.0,0.0,0.0,0.0,0.0,0.0,0.0,0.0,0.0,0.01,0.04,0.01,0.0,0.0,0.0,0.0,0.06,0.0,0.04,0.0,0.01,0.0,0.0,0.0,0.0,0.0,0.0,0.0,0.0,0.0,0.0,0.0,0.0,0.0,0.0,0.0,0.0,0.0,0.0,0.0,0.01,0.0,0.0,0.0,0.0,0.0,0.0,0.0,0.0,0.0,
2022-02-15 19:45:00,101.12,0.1,2.31,0.26,0.07,0.04,0.0,0.0,0.12,0.05,0.0,0.0,0.0,0.0,0.0,0.06,0.0,0.0,0.03,0.0,0.0,0.06,0.0,0.0,0.05,0.53,0.0,0.02,0.02,0.0,0.03,,,,,,,,,,,,,,,,,,,,,,,,,,,,,,,,,,,,,,,,,,,,,,,,,,,,,,,,,,,,,,,,
2022-02-15 20:00:00,101.12,0.1,2.31,0.26,0.07,0.04,0.0,0.0,0.12,0.05,0.0,0.0,0.0,0.0,0.0,0.06,0.0,0.0,0.03,0.0,0.0,0.06,0.0,0.0,0.05,0.53,0.0,0.02,0.02,0.0,0.03,,,,,,,,,,,,,,,,,,,,,,,,,,,,,,,,,,,,,,,,,,,,,,,,,,,,,,,,,,,,,,,,
2022-02-15 20:15:00,101.15,0.35,2.21,0.0,0.12,0.0,0.0,0.0,0.12,0.07,0.0,0.0,0.11,0.0,0.03,0.0,0.0,0.0,0.0,0.0,0.12,0.0,0.0,0.0,0.0,0.65,0.0,0.0,0.0,0.0,0.33,,,,,,,,,,,,,,,,,,,,,,,,,,,,,,,,,,,,,,,,,,,,,,,,,,,,,,,,,,,,,,,,
2022-02-15 20:30:00,101.15,0.35,2.21,0.0,0.12,0.0,0.0,0.0,0.12,0.07,0.0,0.0,0.11,0.0,0.03,0.0,0.0,0.0,0.0,0.0,0.12,0.0,0.0,0.0,0.0,0.65,0.0,0.0,0.0,0.0,0.33,,,,,,,,,,,,,,,,,,,,,,,,,,,,,,,,,,,,,,,,,,,,,,,,,,,,,,,,,,,,,,,,
2022-02-16 19:45:00,100.79,0.18,1.91,0.29,0.29,0.0,0.1,0.0,0.0,0.0,0.0,0.03,0.11,0.03,0.0,0.0,0.0,0.0,0.0,0.0,0.03,0.0,0.0,0.0,0.0,0.93,0.0,0.0,0.0,0.0,0.36,,,,,,,,,,,,,,,,,,,,,,,,,,,,,,,,,,,,,,,,,,,,,,,,,,,,,,,,,,,,,,,,
2022-02-16 20:00:00,100.79,0.18,1.91,0.29,0.29,0.0,0.1,0.0,0.0,0.0,0.0,0.03,0.11,0.03,0.0,0.0,0.0,0.0,0.0,0.0,0.03,0.0,0.0,0.0,0.0,0.93,0.0,0.0,0.0,0.0,0.36,,,,,,,,,,,,,,,,,,,,,,,,,,,,,,,,,,,,,,,,,,,,,,,,,,,,,,,,,,,,,,,,
2022-02-16 20:15:00,100.78,0.16,2.01,0.0,0.24,0.12,0.09,0.0,0.0,0.0,0.0,0.0,0.11,0.03,0.0,0.06,0.12,0.02,0.03,0.0,0.03,0.14,0.0,0.07,0.11,0.03,0.03,0.02,0.0,0.0,0.35,,,,,,,,,,,,,,,,,,,,,,,,,,,,,,,,,,,,,,,,,,,,,,,,,,,,,,,,,,,,,,,,
2022-02-16 20:30:00,100.78,0.16,2.01,0.0,0.24,0.12,0.09,0.0,0.0,0.0,0.0,0.0,0.11,0.03,0.0,0.06,0.12,0.02,0.03,0.0,0.03,0.14,0.0,0.07,0.11,0.03,0.03,0.02,0.0,0.0,0.35,,,,,,,,,,,,,,,,,,,,,,,,,,,,,,,,,,,,,,,,,,,,,,,,,,,,,,,,,,,,,,,,
2022-02-17 19:45:00,100.83,0.25,1.7,0.72,0.32,0.0,0.07,0.0,0.0,0.0,0.0,0.0,0.09,0.02,0.0,0.0,0.0,0.0,0.0,0.0,0.03,0.0,0.0,0.0,0.0,0.86,0.0,0.0,0.0,0.0,0.34,,,,,,,,,,,,,,,,,,,,,,,,,,,,,,,,,,,,,,,,,,,,,,,,,,,,,,,,,,,,,,,,
2022-02-17 20:00:00,100.83,0.25,1.7,0.72,0.32,0.0,0.07,0.0,0.0,0.0,0.0,0.0,0.09,0.02,0.0,0.0,0.0,0.0,0.0,0.0,0.03,0.0,0.0,0.0,0.0,0.86,0.0,0.0,0.0,0.0,0.34,,,,,,,,,,,,,,,,,,,,,,,,,,,,,,,,,,,,,,,,,,,,,,,,,,,,,,,,,,,,,,,,
2022-02-17 20:15:00,100.85,0.2,1.67,0.09,0.25,0.0,0.04,0.0,0.0,0.0,0.06,0.0,0.08,0.0,0.0,0.0,0.0,0.0,0.0,0.0,0.02,0.0,0.0,0.0,0.0,0.0,0.0,0.0,0.0,0.0,0.33,,,,,,,,,,,,,,,,,,,,,,,,,,,,,,,,,,,,,,,,,,,,,,,,,,,,,,,,,,,,,,,,
2022-02-17 20:30:00,100.85,0.2,1.67,0.09,0.25,0.0,0.04,0.0,0.0,0.0,0.06,0.0,0.08,0.0,0.0,0.0,0.0,0.0,0.0,0.0,0.02,0.0,0.0,0.0,0.0,0.0,0.0,0.0,0.0,0.0,0.33,,,,,,,,,,,,,,,,,,,,,,,,,,,,,,,,,,,,,,,,,,,,,,,,,,,,,,,,,,,,,,,,
2022-02-18 19:45:00,100.36,0.22,1.64,0.19,0.34,0.0,0.1,0.0,0.0,0.0,0.0,0.0,0.11,0.05,0.03,0.0,0.0,0.0,0.0,0.0,0.02,0.0,0.0,0.0,0.0,0.84,0.0,0.0,0.0,0.0,0.39,,,,,,,,,,,,,,,,,,,,,,,,,,,,,,,,,,,,,,,,,,,,,,,,,,,,,,,,,,,,,,,,
2022-02-18 20:00:00,100.36,0.22,1.64,0.19,0.34,0.0,0.1,0.0,0.0,0.0,0.0,0.0,0.11,0.05,0.03,0.0,0.0,0.0,0.0,0.0,0.02,0.0,0.0,0.0,0.0,0.84,0.0,0.0,0.0,0.0,0.39,,,,,,,,,,,,,,,,,,,,,,,,,,,,,,,,,,,,,,,,,,,,,,,,,,,,,,,,,,,,,,,,
2022-02-18 20:15:00,100.42,0.21,1.64,0.07,0.38,0.0,0.17,0.0,0.0,0.0,0.0,0.0,0.1,0.04,0.03,0.0,0.0,0.0,0.0,0.0,0.0,0.0,0.0,0.0,0.0,0.0,0.0,0.03,0.0,0.0,0.36,,,,,,,,,,,,,,,,,,,,,,,,,,,,,,,,,,,,,,,,,,,,,,,,,,,,,,,,,,,,,,,,
2022-02-18 20:30:00,100.42,0.21,1.64,0.07,0.38,0.0,0.17,0.0,0.0,0.0,0.0,0.0,0.1,0.04,0.03,0.0,0.0,0.0,0.0,0.0,0.0,0.0,0.0,0.0,0.0,0.0,0.0,0.03,0.0,0.0,0.36,,,,,,,,,,,,,,,,,,,,,,,,,,,,,,,,,,,,,,,,,,,,,,,,,,,,,,,,,,,,,,,,
2022-02-19 19:45:00,101.02,0.55,1.34,0.1,0.26,0.0,0.06,0.0,0.0,0.08,0.0,0.1,0.08,0.04,0.05,0.0,0.0,0.0,0.0,0.0,0.0,0.0,0.0,0.0,0.0,0.78,0.0,0.0,0.0,0.02,0.37,,,,,,,,,,,,,,,,,,,,,,,,,,,,,,,,,,,,,,,,,,,,,,,,,,,,,,,,,,,,,,,,
2022-02-19 20:00:00,101.02,0.55,1.34,0.1,0.26,0.0,0.06,0.0,0.0,0.08,0.0,0.1,0.08,0.04,0.05,0.0,0.0,0.0,0.0,0.0,0.0,0.0,0.0,0.0,0.0,0.78,0.0,0.0,0.0,0.02,0.37,,,,,,,,,,,,,,,,,,,,,,,,,,,,,,,,,,,,,,,,,,,,,,,,,,,,,,,,,,,,,,,,
2022-02-19 20:15:00,101.04,0.11,1.34,0.35,0.28,0.0,0.08,0.0,0.0,0.0,0.0,0.0,0.09,0.0,0.0,0.0,0.0,0.0,0.04,0.0,0.0,0.04,0.0,0.12,0.02,0.72,0.0,0.04,0.0,0.0,0.38,,,,,,,,,,,,,,,,,,,,,,,,,,,,,,,,,,,,,,,,,,,,,,,,,,,,,,,,,,,,,,,,
2022-02-19 20:30:00,101.04,0.11,1.34,0.35,0.28,0.0,0.08,0.0,0.0,0.0,0.0,0.0,0.09,0.0,0.0,0.0,0.0,0.0,0.04,0.0,0.0,0.04,0.0,0.12,0.02,0.72,0.0,0.04,0.0,0.0,0.38,,,,,,,,,,,,,,,,,,,,,,,,,,,,,,,,,,,,,,,,,,,,,,,,,,,,,,,,,,,,,,,,
2022-02-20 19:45:00,101.28,0.53,1.34,0.2,0.31,0.0,0.07,0.0,0.0,0.0,0.0,0.0,0.08,0.02,0.02,0.0,0.0,0.0,0.0,0.0,0.0,0.0,0.0,0.0,0.0,0.81,0.0,0.0,0.0,0.0,0.33,,,,,,,,,,,,,,,,,,,,,,,,,,,,,,,,,,,,,,,,,,,,,,,,,,,,,,,,,,,,,,,,
2022-02-20 20:00:00,101.28,0.53,1.34,0.2,0.31,0.0,0.07,0.0,0.0,0.0,0.0,0.0,0.08,0.02,0.02,0.0,0.0,0.0,0.0,0.0,0.0,0.0,0.0,0.0,0.0,0.81,0.0,0.0,0.0,0.0,0.33,,,,,,,,,,,,,,,,,,,,,,,,,,,,,,,,,,,,,,,,,,,,,,,,,,,,,,,,,,,,,,,,
2022-02-20 20:15:00,101.28,1.03,1.3,0.22,0.3,0.0,0.03,0.0,0.0,0.0,0.0,0.0,0.08,0.0,0.02,0.0,0.0,0.04,0.0,0.0,0.0,0.05,0.0,0.0,0.0,0.81,0.0,0.0,0.0,0.0,0.32,,,,,,,,,,,,,,,,,,,,,,,,,,,,,,,,,,,,,,,,,,,,,,,,,,,,,,,,,,,,,,,,
2022-02-20 20:30:00,101.28,1.03,1.3,0.22,0.3,0.0,0.03,0.0,0.0,0.0,0.0,0.0,0.08,0.0,0.02,0.0,0.0,0.04,0.0,0.0,0.0,0.05,0.0,0.0,0.0,0.81,0.0,0.0,0.0,0.0,0.32,,,,,,,,,,,,,,,,,,,,,,,,,,,,,,,,,,,,,,,,,,,,,,,,,,,,,,,,,,,,,,,,
2022-02-21 18:45:00,100.96,1.7,2.0,0.15,0.0,0.0,0.06,0.0,0.0,0.0,0.0,0.0,0.09,0.0,0.0,0.0,0.0,0.0,0.0,0.0,0.0,0.29,0.0,0.0,0.0,0.98,0.0,0.0,0.0,0.0,0.54,,,,,,,,,,,,,,,,,,,,,,,,,,,,,,,,,,,,,,,,,,,,,,,,,,,,,,,,,,,,,,,,
2022-02-21 19:00:00,100.96,1.7,2.0,0.15,0.0,0.0,0.06,0.0,0.0,0.0,0.0,0.0,0.09,0.0,0.0,0.0,0.0,0.0,0.0,0.0,0.0,0.29,0.0,0.0,0.0,0.98,0.0,0.0,0.0,0.0,0.54,,,,,,,,,,,,,,,,,,,,,,,,,,,,,,,,,,,,,,,,,,,,,,,,,,,,,,,,,,,,,,,,
2022-02-21 19:15:00,100.98,0.26,1.92,0.21,0.36,0.0,0.0,0.0,0.0,0.0,0.0,0.03,0.09,0.0,0.05,0.04,0.0,0.0,0.03,0.09,0.0,0.0,0.0,0.0,0.0,1.01,0.0,0.0,0.0,0.06,0.53,,,,,,,,,,,,,,,,,,,,,,,,,,,,,,,,,,,,,,,,,,,,,,,,,,,,,,,,,,,,,,,,
2022-02-21 19:30:00,100.98,0.26,1.92,0.21,0.36,0.0,0.0,0.0,0.0,0.0,0.0,0.03,0.09,0.0,0.05,0.04,0.0,0.0,0.03,0.09,0.0,0.0,0.0,0.0,0.0,1.01,0.0,0.0,0.0,0.06,0.53,,,,,,,,,,,,,,,,,,,,,,,,,,,,,,,,,,,,,,,,,,,,,,,,,,,,,,,,,,,,,,,,
2022-02-22 19:45:00,101.32,0.21,3.88,0.12,0.33,0.0,0.08,0.0,0.0,0.0,0.0,0.0,0.09,0.0,0.0,0.0,0.0,0.0,0.0,0.0,0.0,0.0,0.0,0.0,0.0,0.86,0.0,0.0,0.0,0.0,0.03,,,,,,,,,,,,,,,,,,,,,,,,,,,,,,,,,,,,,,,,,,,,,,,,,,,,,,,,,,,,,,,,
2022-02-22 20:00:00,101.32,0.21,3.88,0.12,0.33,0.0,0.08,0.0,0.0,0.0,0.0,0.0,0.09,0.0,0.0,0.0,0.0,0.0,0.0,0.0,0.0,0.0,0.0,0.0,0.0,0.86,0.0,0.0,0.0,0.0,0.03,,1155.7,0.0,0.01,0.0,0.0,0.0,0.0,0.0,0.0,0.0,0.0,0.0,0.01,0.0,0.0,0.0,0.0,0.0,0.0,0.0,0.0,0.0,0.0,0.0,0.0,0.0,0.0,0.0,0.04,0.0,0.03,0.0,0.01,0.0,0.0,0.0,0.0,0.0,0.0,0.0,0.0,0.02,0.0,0.0,0.0,0.0,0.0,0.0,0.0,0.0,0.0,0.0,0.0,0.0,0.0,0.0,0.0,0.0,0.0,0.0,0.0,0.0,
2022-02-22 20:15:00,101.39,0.4,3.99,0.0,0.32,0.06,0.0,0.0,0.0,0.16,0.0,0.22,0.21,0.0,0.03,0.0,0.04,0.0,0.08,0.0,0.0,0.0,0.0,0.0,0.0,0.93,0.0,0.0,0.02,0.0,0.03,,1155.7,0.0,0.01,0.0,0.0,0.0,0.0,0.0,0.0,0.0,0.0,0.0,0.01,0.0,0.0,0.0,0.0,0.0,0.0,0.0,0.0,0.0,0.0,0.0,0.0,0.0,0.0,0.0,0.04,0.0,0.03,0.0,0.01,0.0,0.0,0.0,0.0,0.0,0.0,0.0,0.0,0.02,0.0,0.0,0.0,0.0,0.0,0.0,0.0,0.0,0.0,0.0,0.0,0.0,0.0,0.0,0.0,0.0,0.0,0.0,0.0,0.0,
2022-02-22 20:30:00,101.39,0.4,3.99,0.0,0.32,0.06,0.0,0.0,0.0,0.16,0.0,0.22,0.21,0.0,0.03,0.0,0.04,0.0,0.08,0.0,0.0,0.0,0.0,0.0,0.0,0.93,0.0,0.0,0.02,0.0,0.03,,1155.7,0.0,0.01,0.0,0.0,0.0,0.0,0.0,0.0,0.0,0.0,0.0,0.01,0.0,0.0,0.0,0.0,0.0,0.0,0.0,0.0,0.0,0.0,0.0,0.0,0.0,0.0,0.0,0.04,0.0,0.03,0.0,0.01,0.0,0.0,0.0,0.0,0.0,0.0,0.0,0.0,0.02,0.0,0.0,0.0,0.0,0.0,0.0,0.0,0.0,0.0,0.0,0.0,0.0,0.0,0.0,0.0,0.0,0.0,0.0,0.0,0.0,
2022-02-22 20:45:00,,,,,,,,,,,,,,,,,,,,,,,,,,,,,,,,,1155.7,0.0,0.01,0.0,0.0,0.0,0.0,0.0,0.0,0.0,0.0,0.0,0.01,0.0,0.0,0.0,0.0,0.0,0.0,0.0,0.0,0.0,0.0,0.0,0.0,0.0,0.0,0.0,0.04,0.0,0.03,0.0,0.01,0.0,0.0,0.0,0.0,0.0,0.0,0.0,0.0,0.02,0.0,0.0,0.0,0.0,0.0,0.0,0.0,0.0,0.0,0.0,0.0,0.0,0.0,0.0,0.0,0.0,0.0,0.0,0.0,0.0,
2022-02-23 22:00:00,101.56,1.15,5.32,0.12,0.45,0.16,0.45,0.0,0.0,0.0,0.0,0.0,0.18,0.17,0.12,0.05,0.0,0.0,0.0,0.0,0.0,0.8,0.05,0.0,0.04,1.06,0.0,0.0,0.0,0.06,0.15,,,,,,,,,,,,,,,,,,,,,,,,,,,,,,,,,,,,,,,,,,,,,,,,,,,,,,,,,,,,,,,,
2022-02-23 22:15:00,101.56,1.15,5.32,0.12,0.45,0.16,0.45,0.0,0.0,0.0,0.0,0.0,0.18,0.17,0.12,0.05,0.0,0.0,0.0,0.0,0.0,0.8,0.05,0.0,0.04,1.06,0.0,0.0,0.0,0.06,0.15,,1158.9,0.0,0.01,0.0,0.0,0.0,0.0,0.0,0.01,0.02,0.0,0.0,0.0,0.0,0.0,0.0,0.01,0.0,0.0,0.0,0.0,0.01,0.02,0.0,0.0,0.0,0.0,0.0,0.0,0.06,0.04,0.0,0.01,0.0,0.0,0.0,0.0,0.0,0.0,0.05,0.0,0.0,0.0,0.0,0.0,0.0,0.0,0.0,0.0,0.0,0.0,0.0,0.01,0.0,0.0,0.0,0.0,0.0,0.0,0.0,0.0,0.0,
2022-02-23 22:30:00,101.65,1.6,5.24,0.41,0.4,0.0,0.18,0.0,0.04,0.0,0.0,0.0,0.16,0.1,0.09,0.0,0.0,0.0,0.0,0.0,0.0,0.55,0.0,0.03,0.07,1.06,0.0,0.0,0.0,0.03,0.0,,1158.9,0.0,0.01,0.0,0.0,0.0,0.0,0.0,0.01,0.02,0.0,0.0,0.0,0.0,0.0,0.0,0.01,0.0,0.0,0.0,0.0,0.01,0.02,0.0,0.0,0.0,0.0,0.0,0.0,0.06,0.04,0.0,0.01,0.0,0.0,0.0,0.0,0.0,0.0,0.05,0.0,0.0,0.0,0.0,0.0,0.0,0.0,0.0,0.0,0.0,0.0,0.0,0.01,0.0,0.0,0.0,0.0,0.0,0.0,0.0,0.0,0.0,
2022-02-23 22:45:00,101.65,1.6,5.24,0.41,0.4,0.0,0.18,0.0,0.04,0.0,0.0,0.0,0.16,0.1,0.09,0.0,0.0,0.0,0.0,0.0,0.0,0.55,0.0,0.03,0.07,1.06,0.0,0.0,0.0,0.03,0.0,,1158.9,0.0,0.01,0.0,0.0,0.0,0.0,0.0,0.01,0.02,0.0,0.0,0.0,0.0,0.0,0.0,0.01,0.0,0.0,0.0,0.0,0.01,0.02,0.0,0.0,0.0,0.0,0.0,0.0,0.06,0.04,0.0,0.01,0.0,0.0,0.0,0.0,0.0,0.0,0.05,0.0,0.0,0.0,0.0,0.0,0.0,0.0,0.0,0.0,0.0,0.0,0.0,0.01,0.0,0.0,0.0,0.0,0.0,0.0,0.0,0.0,0.0,
2022-02-23 23:00:00,,,,,,,,,,,,,,,,,,,,,,,,,,,,,,,,,1158.9,0.0,0.01,0.0,0.0,0.0,0.0,0.0,0.01,0.02,0.0,0.0,0.0,0.0,0.0,0.0,0.01,0.0,0.0,0.0,0.0,0.01,0.02,0.0,0.0,0.0,0.0,0.0,0.0,0.06,0.04,0.0,0.01,0.0,0.0,0.0,0.0,0.0,0.0,0.05,0.0,0.0,0.0,0.0,0.0,0.0,0.0,0.0,0.0,0.0,0.0,0.0,0.01,0.0,0.0,0.0,0.0,0.0,0.0,0.0,0.0,0.0,
2022-02-24 22:00:00,101.24,0.5,10.07,0.06,0.55,0.04,0.24,0.14,0.05,0.0,0.0,0.0,0.16,0.11,0.12,0.0,0.0,0.0,0.04,0.04,0.0,0.12,0.02,0.08,0.07,1.14,0.0,0.0,0.02,0.0,0.46,,,,,,,,,,,,,,,,,,,,,,,,,,,,,,,,,,,,,,,,,,,,,,,,,,,,,,,,,,,,,,,,
2022-02-24 22:15:00,101.24,0.5,10.07,0.06,0.55,0.04,0.24,0.14,0.05,0.0,0.0,0.0,0.16,0.11,0.12,0.0,0.0,0.0,0.04,0.04,0.0,0.12,0.02,0.08,0.07,1.14,0.0,0.0,0.02,0.0,0.46,,1154.8,0.0,0.01,0.0,0.0,0.0,0.0,0.0,0.0,0.0,0.0,0.0,0.0,0.0,0.0,0.0,0.01,0.0,0.0,0.0,0.0,0.01,0.03,0.01,0.0,0.0,0.0,0.0,0.06,0.0,0.05,0.0,0.01,0.0,0.0,0.0,0.0,0.0,0.0,0.02,0.0,0.0,0.0,0.0,0.0,0.0,0.0,0.0,0.0,0.0,0.0,0.0,0.01,0.0,0.0,0.0,0.0,0.0,0.0,0.0,0.0,0.0,
2022-02-24 22:30:00,101.33,0.39,10.21,0.3,0.55,0.0,0.11,0.0,0.0,0.0,0.0,0.0,0.18,0.12,0.04,0.0,0.0,0.0,0.0,0.0,0.0,0.07,0.02,0.0,0.0,1.16,0.0,0.0,0.03,0.04,0.48,,1154.8,0.0,0.01,0.0,0.0,0.0,0.0,0.0,0.0,0.0,0.0,0.0,0.0,0.0,0.0,0.0,0.01,0.0,0.0,0.0,0.0,0.01,0.03,0.01,0.0,0.0,0.0,0.0,0.06,0.0,0.05,0.0,0.01,0.0,0.0,0.0,0.0,0.0,0.0,0.02,0.0,0.0,0.0,0.0,0.0,0.0,0.0,0.0,0.0,0.0,0.0,0.0,0.01,0.0,0.0,0.0,0.0,0.0,0.0,0.0,0.0,0.0,
2022-02-24 22:45:00,101.33,0.39,10.21,0.3,0.55,0.0,0.11,0.0,0.0,0.0,0.0,0.0,0.18,0.12,0.04,0.0,0.0,0.0,0.0,0.0,0.0,0.07,0.02,0.0,0.0,1.16,0.0,0.0,0.03,0.04,0.48,,1154.8,0.0,0.01,0.0,0.0,0.0,0.0,0.0,0.0,0.0,0.0,0.0,0.0,0.0,0.0,0.0,0.01,0.0,0.0,0.0,0.0,0.01,0.03,0.01,0.0,0.0,0.0,0.0,0.06,0.0,0.05,0.0,0.01,0.0,0.0,0.0,0.0,0.0,0.0,0.02,0.0,0.0,0.0,0.0,0.0,0.0,0.0,0.0,0.0,0.0,0.0,0.0,0.01,0.0,0.0,0.0,0.0,0.0,0.0,0.0,0.0,0.0,
2022-02-24 23:00:00,,,,,,,,,,,,,,,,,,,,,,,,,,,,,,,,,1154.8,0.0,0.01,0.0,0.0,0.0,0.0,0.0,0.0,0.0,0.0,0.0,0.0,0.0,0.0,0.0,0.01,0.0,0.0,0.0,0.0,0.01,0.03,0.01,0.0,0.0,0.0,0.0,0.06,0.0,0.05,0.0,0.01,0.0,0.0,0.0,0.0,0.0,0.0,0.02,0.0,0.0,0.0,0.0,0.0,0.0,0.0,0.0,0.0,0.0,0.0,0.0,0.01,0.0,0.0,0.0,0.0,0.0,0.0,0.0,0.0,0.0,
2022-02-26 01:30:00,101.85,3.25,13.75,0.39,0.89,0.88,2.24,0.21,0.14,2.55,0.0,0.23,2.85,0.0,0.22,4.34,0.0,0.23,0.07,0.17,0.0,11.57,0.05,0.05,0.5,1.17,0.04,0.06,0.05,0.0,0.17,,,,,,,,,,,,,,,,,,,,,,,,,,,,,,,,,,,,,,,,,,,,,,,,,,,,,,,,,,,,,,,,
2022-02-26 01:45:00,101.85,3.25,13.75,0.39,0.89,0.88,2.24,0.21,0.14,2.55,0.0,0.23,2.85,0.0,0.22,4.34,0.0,0.23,0.07,0.17,0.0,11.57,0.05,0.05,0.5,1.17,0.04,0.06,0.05,0.0,0.17,,,,,,,,,,,,,,,,,,,,,,,,,,,,,,,,,,,,,,,,,,,,,,,,,,,,,,,,,,,,,,,,
2022-02-26 02:00:00,101.48,0.4,11.3,0.09,0.05,0.0,0.31,0.25,0.05,0.24,0.5,0.29,0.23,0.0,0.11,0.0,0.0,0.05,0.05,0.0,0.0,1.75,0.0,0.06,0.04,1.12,0.0,0.0,0.07,0.0,0.1,,,,,,,,,,,,,,,,,,,,,,,,,,,,,,,,,,,,,,,,,,,,,,,,,,,,,,,,,,,,,,,,
2022-02-26 02:15:00,101.48,0.4,11.3,0.09,0.05,0.0,0.31,0.25,0.05,0.24,0.5,0.29,0.23,0.0,0.11,0.0,0.0,0.05,0.05,0.0,0.0,1.75,0.0,0.06,0.04,1.12,0.0,0.0,0.07,0.0,0.1,,1157.4,0.0,0.0,0.0,0.0,0.0,0.0,0.0,0.0,0.08,0.0,0.0,0.0,0.0,0.0,0.0,0.0,0.0,0.0,0.0,0.0,0.0,0.03,0.0,0.0,0.0,0.0,0.0,0.0,0.04,0.04,0.0,0.0,0.0,0.0,0.0,0.0,0.0,0.0,0.0,0.0,0.0,0.0,0.0,0.0,0.0,0.0,0.0,0.0,0.0,0.0,0.0,0.0,0.0,0.0,0.0,0.0,0.0,0.0,0.0,0.0,0.0,
2022-02-26 02:30:00,,,,,,,,,,,,,,,,,,,,,,,,,,,,,,,,,1157.4,0.0,0.0,0.0,0.0,0.0,0.0,0.0,0.0,0.08,0.0,0.0,0.0,0.0,0.0,0.0,0.0,0.0,0.0,0.0,0.0,0.0,0.03,0.0,0.0,0.0,0.0,0.0,0.0,0.04,0.04,0.0,0.0,0.0,0.0,0.0,0.0,0.0,0.0,0.0,0.0,0.0,0.0,0.0,0.0,0.0,0.0,0.0,0.0,0.0,0.0,0.0,0.0,0.0,0.0,0.0,0.0,0.0,0.0,0.0,0.0,0.0,
2022-02-26 02:45:00,,,,,,,,,,,,,,,,,,,,,,,,,,,,,,,,,1157.4,0.0,0.0,0.0,0.0,0.0,0.0,0.0,0.0,0.08,0.0,0.0,0.0,0.0,0.0,0.0,0.0,0.0,0.0,0.0,0.0,0.0,0.03,0.0,0.0,0.0,0.0,0.0,0.0,0.04,0.04,0.0,0.0,0.0,0.0,0.0,0.0,0.0,0.0,0.0,0.0,0.0,0.0,0.0,0.0,0.0,0.0,0.0,0.0,0.0,0.0,0.0,0.0,0.0,0.0,0.0,0.0,0.0,0.0,0.0,0.0,0.0,
2022-02-26 03:00:00,,,,,,,,,,,,,,,,,,,,,,,,,,,,,,,,,1157.4,0.0,0.0,0.0,0.0,0.0,0.0,0.0,0.0,0.08,0.0,0.0,0.0,0.0,0.0,0.0,0.0,0.0,0.0,0.0,0.0,0.0,0.03,0.0,0.0,0.0,0.0,0.0,0.0,0.04,0.04,0.0,0.0,0.0,0.0,0.0,0.0,0.0,0.0,0.0,0.0,0.0,0.0,0.0,0.0,0.0,0.0,0.0,0.0,0.0,0.0,0.0,0.0,0.0,0.0,0.0,0.0,0.0,0.0,0.0,0.0,0.0,
2022-02-27 01:30:00,102.04,6.32,14.9,6.36,3.54,1.58,2.95,0.0,0.05,0.49,0.0,1.83,0.65,0.0,0.91,0.7,0.04,0.0,0.0,0.11,0.17,3.82,1.33,0.4,0.43,1.09,0.05,0.04,0.12,0.28,0.04,,,,,,,,,,,,,,,,,,,,,,,,,,,,,,,,,,,,,,,,,,,,,,,,,,,,,,,,,,,,,,,,
2022-02-27 01:45:00,102.04,6.32,14.9,6.36,3.54,1.58,2.95,0.0,0.05,0.49,0.0,1.83,0.65,0.0,0.91,0.7,0.04,0.0,0.0,0.11,0.17,3.82,1.33,0.4,0.43,1.09,0.05,0.04,0.12,0.28,0.04,,,,,,,,,,,,,,,,,,,,,,,,,,,,,,,,,,,,,,,,,,,,,,,,,,,,,,,,,,,,,,,,
2022-02-27 02:00:00,101.66,0.36,10.52,0.0,1.01,0.07,0.27,0.0,0.0,0.06,0.0,0.1,0.41,0.0,0.13,0.05,0.0,0.0,0.0,0.0,0.0,0.49,0.0,0.07,0.04,1.13,0.0,0.0,0.02,0.03,0.09,,,,,,,,,,,,,,,,,,,,,,,,,,,,,,,,,,,,,,,,,,,,,,,,,,,,,,,,,,,,,,,,
2022-02-27 02:15:00,101.66,0.36,10.52,0.0,1.01,0.07,0.27,0.0,0.0,0.06,0.0,0.1,0.41,0.0,0.13,0.05,0.0,0.0,0.0,0.0,0.0,0.49,0.0,0.07,0.04,1.13,0.0,0.0,0.02,0.03,0.09,,1159.5,0.0,0.01,0.0,0.0,0.0,0.0,0.0,0.0,0.01,0.0,0.0,0.0,0.0,0.0,0.0,0.01,0.0,0.0,0.0,0.0,0.02,0.0,0.0,0.0,0.0,0.0,0.0,0.0,0.05,0.03,0.0,0.01,0.0,0.03,0.01,0.0,0.01,0.0,0.01,0.0,0.0,0.0,0.0,0.0,0.0,0.0,0.0,0.0,0.0,0.0,0.0,0.01,0.0,0.0,0.0,0.0,0.0,0.0,0.0,0.0,0.0,
2022-02-27 02:30:00,,,,,,,,,,,,,,,,,,,,,,,,,,,,,,,,,1159.5,0.0,0.01,0.0,0.0,0.0,0.0,0.0,0.0,0.01,0.0,0.0,0.0,0.0,0.0,0.0,0.01,0.0,0.0,0.0,0.0,0.02,0.0,0.0,0.0,0.0,0.0,0.0,0.0,0.05,0.03,0.0,0.01,0.0,0.03,0.01,0.0,0.01,0.0,0.01,0.0,0.0,0.0,0.0,0.0,0.0,0.0,0.0,0.0,0.0,0.0,0.0,0.01,0.0,0.0,0.0,0.0,0.0,0.0,0.0,0.0,0.0,
2022-02-27 02:45:00,,,,,,,,,,,,,,,,,,,,,,,,,,,,,,,,,1159.5,0.0,0.01,0.0,0.0,0.0,0.0,0.0,0.0,0.01,0.0,0.0,0.0,0.0,0.0,0.0,0.01,0.0,0.0,0.0,0.0,0.02,0.0,0.0,0.0,0.0,0.0,0.0,0.0,0.05,0.03,0.0,0.01,0.0,0.03,0.01,0.0,0.01,0.0,0.01,0.0,0.0,0.0,0.0,0.0,0.0,0.0,0.0,0.0,0.0,0.0,0.0,0.01,0.0,0.0,0.0,0.0,0.0,0.0,0.0,0.0,0.0,
2022-02-27 03:00:00,,,,,,,,,,,,,,,,,,,,,,,,,,,,,,,,,1159.5,0.0,0.01,0.0,0.0,0.0,0.0,0.0,0.0,0.01,0.0,0.0,0.0,0.0,0.0,0.0,0.01,0.0,0.0,0.0,0.0,0.02,0.0,0.0,0.0,0.0,0.0,0.0,0.0,0.05,0.03,0.0,0.01,0.0,0.03,0.01,0.0,0.01,0.0,0.01,0.0,0.0,0.0,0.0,0.0,0.0,0.0,0.0,0.0,0.0,0.0,0.0,0.01,0.0,0.0,0.0,0.0,0.0,0.0,0.0,0.0,0.0,
